"id","name","location","pricePerAdult","pricePerChild","pricePerBaby","isActive","createdAt","updatedAt","latitude","longitude","googlePlaceId","formattedAddress","googleProvince","googleTypes","geocodeStatus","reviewNotes"
"fca8644d-33a7-5fb7-a74a-9e3a426ef8fc","Arcas del Villar","Cuenca","0","0","0","True","2026-08-23 17:35:44","2026-08-23 17:35:44","39.9886745","-2.1140398","ChIJcTQ4qU9gXQ0RdinFThgKPWU","16123 Arcas, Cuenca, España","Cuenca","locality political","ok",""
"2d01acba-c387-50af-915b-38a05d0d4712","Boñar","León","0","0","0","True","2026-08-23 17:35:44","2026-08-23 17:35:44","42.8661879","-5.3235259","ChIJOdLQnGXGNw0REpnnF-xaRWA","Boñar, León, España","León","locality political","ok",""
"3f25df97-5fad-5e0d-8baf-72773ad40632","Cabañeros","Ciudad Real","0","0","0","True","2026-08-23 17:35:44","2026-08-23 17:35:44","38.9760631","-3.9141793","Ej5Bdi4gUGFycXVlIGRlIENhYmHDsWVyb3MsIDEzMDA1IENpdWRhZCBSZWFsLCBDZGFkLiBSZWFsLCBTcGFpbiIuKiwKFAoSCQm_SXkww2sNEcN5PgmVmlakEhQKEglNF5c9s9xrDRErnOex6COv7w","Av. Parque de Cabañeros, 13005 Ciudad Real, Cdad. Real, España","Ciudad Real","route","ok",""
"56b12806-efc9-56fd-ba6e-ffa2a5e18dcc","Casillas de Ranera","Cuenca","0","0","0","True","2026-08-23 17:35:44","2026-08-23 17:35:44","39.7795614","-1.2716524","ChIJu6v1z8dNZw0Ru1cTItpGw3I","16321 Casillas de Ranera, Cuenca, España","Cuenca","locality political","ok",""
"0e940eea-3792-53d2-a944-b41f39f81f43","Cervera de Pisuerga","Palencia","0","0","0","True","2026-08-23 17:35:44","2026-08-23 17:35:44","42.8668915","-4.4992928","ChIJZ2ru7uxbSA0RLGZWoV9H9yg","34840 Cervera de Pisuerga, Palencia, España","Palencia","locality political","ok",""
"f7792268-54ac-5065-a1e4-79cf321eeeff","Condado de Castilnovo","Segovia","0","0","0","True","2026-08-23 17:35:44","2026-08-23 17:35:44","41.2451106","-3.7485874","ChIJTR1XsB8ARA0RS7CPth4fCbw","Condado de Castilnovo, 40318, Segovia, España","Segovia","administrative_area_level_4 political","ok",""
"8c9f723d-df6d-5769-aeac-12a198a352b3","Condemios de Arriba","Guadalajara","0","0","0","True","2026-08-23 17:35:44","2026-08-23 17:35:44","41.215671","-3.1255912","ChIJk4MX40KAQw0RzJ7nU-BYJd0","19275 Condemios de Arriba, Guadalajara, España","Guadalajara","locality political","ok",""
"936e008f-1193-5ece-bd42-422119c019f4","Covaleda","Soria","0","0","0","True","2026-08-23 17:35:44","2026-08-23 17:35:44","41.9354883","-2.8831158","ChIJ3w3RzUUcRQ0RjnhIFpKoqu0","42157 Covaleda, Soria, España","Soria","locality political","ok",""
"c5ed2f53-406f-501b-a22c-a450211c099c","El Bosque","Cádiz","0","0","0","True","2026-08-23 17:35:44","2026-08-23 17:35:44","36.7580042","-5.5061788","ChIJPZ8WYcYTDQ0RJX7NAnbaHm8","11670 El Bosque, Cádiz, España","Cádiz","locality political","ok",""
"294c57b9-6d06-5474-bd34-c47ddba838dd","El Clar del Bosc","Girona","0","0","0","True","2026-08-25 00:00:00","2026-08-25 00:00:00","","","","","Girona","","pending","Sede del campamento de 2026. Pendiente de geocodificar: ejecutar el comando geocode con clave de Google Places, o fijar coordenadas a mano y poner ok_manual."
"2e24b0b2-d59c-5bde-a556-53a40af78064","Espinosa de los Monteros","Burgos","0","0","0","True","2026-08-23 17:35:44","2026-08-23 17:35:44","43.0773479","-3.5521721","ChIJySyunFImTw0RcIXg1Z9CMqs","09560 Espinosa de los Monteros, Burgos, España","Burgos","locality political","ok",""
"aa98df4b-bdfc-5d0e-8bce-8427d204bcf1","Jerte","Cáceres","0","0","0","True","2026-08-23 17:35:44","2026-08-23 17:35:44","40.2224705","-5.7519844","ChIJv205BBZLPg0Rf2Cjr6Xasdk","10612 Jerte, Cáceres, España","Cáceres","locality political","ok",""
"1abbb90d-fed7-5b74-b218-a2efdd1fd337","Los Palancares","Cuenca","0","0","0","True","2026-08-23 17:35:44","2026-08-23 17:35:44","40.0586715","-2.1353947","EiZDLiBsb3MgUGFsYW5jYXJlcywgMTYwMDMgQ3VlbmNhLCBTcGFpbiIuKiwKFAoSCbHx0FBbZ10NES-KZNpkSShEEhQKEgnDUZc2QWddDRGS0ozQbquBbg","C. los Palancares, 16003 Cuenca, España","Cuenca","route","ok",""
"bccef80e-6da8-5faa-a3e6-cf9757fb9b0d","Matapozuelos","Valladolid","0","0","0","True","2026-08-23 17:35:44","2026-08-23 17:35:44","41.4130125","-4.7911681","ChIJo1weK7ZGRw0RFG3C-hapvo0","47230 Matapozuelos, Valladolid, España","Valladolid","locality political","ok",""
"1819f627-0817-5be3-b060-9e1bca742115","Molino de Butrera","Burgos","0","0","0","True","2026-08-23 17:35:44","2026-08-23 17:35:44","42.9990081","-3.5759606","ChIJ_akjiYEvTw0R1aMNIpFvl24","C. Butrera, s/n, 09568 Butrera, Burgos, España","Burgos","establishment point_of_interest","ok",""
"da9a1589-4267-5061-bae0-8df95de05eb4","Montes Universales","Teruel","0","0","0","True","2026-08-23 17:35:44","2026-08-23 17:35:44","40.375","-1.739722","ChIJP0mhffajXQ0R3MVEDw1dUKY","Montes Universales, 44115, Teruel, España","Teruel","establishment natural_feature","ok",""
"580f6bdd-4cd3-5651-8972-3c02bdd9bb07","Montes de Talayuelas","Cuenca","0","0","0","True","2026-08-23 17:35:44","2026-08-23 17:35:44","39.8386504","-1.2979352","ChIJu-wVxo9RZw0ReaR-RZfoe-E","Cam. Tejeda, 16320 Talayuelas, Cuenca, España","Cuenca","establishment point_of_interest","ok",""
"6ffc306b-8898-5b27-a7b8-9030558097e5","Mora de Rubielos","Teruel","0","0","0","True","2026-08-23 17:35:44","2026-08-23 17:35:44","40.2510415","-0.754289","ChIJvW54AGI3Xg0Ryd7ZFs3n6wo","44400 Mora de Rubielos, Teruel, España","Teruel","locality political","ok",""
"a030d43d-7ccd-5622-bbe8-7dee4f372cb9","Oto","Huesca","0","0","0","True","2026-08-23 17:35:44","2026-08-23 17:35:44","42.5983622","-0.128148","ChIJF4PScrf5Vw0R_5BGQcMHgNQ","22370 Oto, Huesca, España","Huesca","locality political","ok",""
"cc08adc4-ac6c-521b-bccd-f70060367bd1","Palacio de la Teyeria, Mestas de Con","Asturias","0","0","0","True","2026-08-23 17:35:44","2026-08-23 17:35:44","43.340613","-5.018647","ChIJN-XM9vzeSQ0R5YRnnnqIJe0","Carretera de Llano s/n, 33556 Mestas de Con, Asturias, España","Asturias","establishment lodging point_of_interest","ok",""
"4ab51f0f-3eed-50e4-b096-3f65098b89a3","Pola de Gordon","León","0","0","0","True","2026-08-23 17:35:44","2026-08-23 17:35:44","42.8543772","-5.6714331","ChIJezfFX0GmNw0RGF-79QjLwao","24600 La Pola de Gordón, León, España","León","locality political","ok",""
"f0d01b56-1673-5439-9eca-790440e72be6","Quintanar de la Sierra","Burgos","0","0","0","True","2026-08-23 17:35:44","2026-08-23 17:35:44","41.9849486","-3.0363399","ChIJofJMs5QGRQ0RGDIr-ADxp64","09670 Quintanar de la Sierra, Burgos, España","Burgos","locality political","ok",""
"9ddaa033-b8b1-5986-85cb-9bb53b47cf7c","San Juan de Riópar","Albacete","0","0","0","True","2026-08-23 17:35:44","2026-08-23 17:35:44","38.4797927","-2.447208","ChIJ6UQaKDj5ZQ0RNdeOHaEN2EM","Carretera, CM-3204, km 5, 02450 Riópar, Albacete, España","Albacete","establishment point_of_interest","ok",""
"406b0edb-366f-54d7-8f71-1f856371c3c4","San Martín del Castañar","Salamanca","0","0","0","True","2026-08-23 17:35:44","2026-08-23 17:35:44","40.5218032","-6.0642792","ChIJ3z60i9P0Pg0R1wUkkWcXcgA","37659 San Martín del Castañar, Salamanca, España","Salamanca","locality political","ok",""
"185e3b5e-4a4f-5f06-b67c-23d04e69fb4e","San Pedro de las Herrerías","Zamora","0","0","0","True","2026-08-23 17:35:44","2026-08-23 17:35:44","41.9033059","-6.3807881","ChIJCxHHLHSIOQ0RYnuEOUeRmpg","49560 San Pedro de las Herrerías, Zamora, España","Zamora","locality political","ok",""
"8449e2be-827e-5a52-a98b-8ed69a5f13db","Selva de Oza","Huesca","0","0","0","True","2026-08-23 17:35:44","2026-08-23 17:35:44","42.7024393","-0.7519191","ChIJjR8rHqt6Vw0RBU8uh7zEZgo","Selva de Oza, 22720, Huesca, España","Huesca","establishment natural_feature","ok",""
"fea1dfaf-c442-5803-898e-8447d7351b6f","Sierra de San Vicente","Toledo","0","0","0","True","2026-08-23 17:35:44","2026-08-23 17:35:44","40.0848454","-4.8520636","ChIJNTtb55sRQA0RnfKPO3xJj24","Sierra de San Vicente, Toledo, España","Toledo","administrative_area_level_3 political","ok",""
"6b38253e-4bd9-554b-98c9-709bfcad63d6","Sierra de Segura","Jaén","0","0","0","True","2026-08-23 17:35:44","2026-08-23 17:35:44","37.9766667","-2.7761111","ChIJkTAejjJ1bw0RskfaPNWEMMo","Sierra de Segura, 23290, Jaén, España","Jaén","establishment natural_feature","ok",""
"4b209c84-2bda-503f-b053-fa3eaa90bad8","Sierra del Moncayo","Zaragoza","0","0","0","True","2026-08-23 17:35:44","2026-08-23 17:35:44","41.7675","-1.8216667","ChIJZ-ZFNj2oWw0RhKypjmBbPXQ","Moncayo, 50590, Zaragoza, España","Zaragoza","establishment natural_feature","ok",""
"39f5ff0c-e652-57d5-bfac-8ee52d0039b4","Ulzama","Navarra","0","0","0","True","2026-08-23 17:35:44","2026-08-23 17:35:44","43.0001899","-1.6727153","ChIJIYgyaAHwUA0REPrOCGWMAQQ","Ultzama, Navarra, España","Navarra","administrative_area_level_4 political","ok",""
"e13bca3a-3a05-53a1-b74d-491adeb3cf40","Valle de Pineta","Huesca","0","0","0","True","2026-08-23 17:35:44","2026-08-23 17:35:44","42.6753784","0.0879363","ChIJ9Sbljo4EqBIRlvoMy66sVf8","Valle de Pineta, 22351, Huesca, España","Huesca","establishment natural_feature","ok",""
"cf195596-1570-558f-97f9-1b66f7665b2a","Villamanín","León","0","0","0","True","2026-08-23 17:35:44","2026-08-23 17:35:44","42.9389054","-5.6556545","ChIJe8Y4GkipNw0RCNmuOWltUhU","24680 Villamanín, León, España","León","locality political","ok",""
